Enemy,Player health,Enemy health
1,0,70.0
2,26,0
3,8,0
4,0,70.0
5,59.80000000000033,0
6,0,20.0
7,13.600000000000229,0
8,5.200000000000234,0
