Enemy,Player health,Enemy health
1,0,70.0
2,52,0
3,8,0
4,0,70.0
5,62.20000000000034,0
6,0,10.0
7,2.200000000000234,0
8,5.200000000000234,0
